minimumNode,nNetworks,nRows,term,p.value,rSquared
1,722,105581,network,0,0.1516950422086801
2,356,82435,network,0,0.15125218309341545
4,160,61356,network,0,0.15096431485520032
9,60,41676,network,0,0.13499896468433867
14,38,33682,network,0,0.14726005171617673
